{"cameraMode":{"drawMode":0,"name":"Shaded","section":"Shading Mode"},"sceneLighting":true,"audioPlay":false,"sceneViewState":{"m_AlwaysRefresh":false,"showFog":true,"showSkybox":true,"showFlares":true,"showImageEffects":true,"showParticleSystems":true,"showVisualEffectGraphs":true,"m_FxEnabled":true},"in2DMode":false,"pivot":{"x":209.16519165039063,"y":-74.02860260009766,"z":303.2621765136719},"rotation":{"x":-0.032571304589509967,"y":0.9563326239585877,"z":-0.26576414704322817,"w":-0.11720535904169083},"size":249.71080017089845,"orthographic":false}